Date,Title,Lyrics,Categories,Tag
"September 9, 2016",Say you won’t let go Lyrics - James arthur,"<h2 style=!)text-align: center;!)>Say you won’t let go Lyrics - James arthur</h2> <BR><BR><BR><p style=!)text-align: center;!)>[Verse 1]<BR>I met you in the dark, you lit me up<BR>You made me feel as though I was enough<BR><BR>We danced the night away, we drank too much<BR>I held your hair back when you were throwin' up<BR><BR><BR>[Pre-Chorus]<BR>Then, you smiled over your shoulder<BR><BR>For a minute<BR>, I was stone-cold sober<BR>I pulled you closer to my chest<BR>And you asked me to stay over<BR>I said, ""I already told ya<BR>I think that you should get some rest""<BR><BR><BR>Ken Carson 'Freestyle 2' Official Lyrics & Meaning | Verified<BR>[Chorus]<BR>I knew I loved you then, but you'd never know<BR>'Cause I played it cool when I was scared of letting go<BR>I knew I needed you, but I never showed<BR>But I wanna stay with you until we're grey and old<BR><BR><BR>[Post-Chorus]<BR>Just say you won't let go<BR>Just say you won't let go<BR><BR>[Verse 2]<BR>I'll wake you up with some breakfast in bed<BR>I'll bring you coffee with a kiss on your head<BR><BR>And I'll take the kids to school, wave them goodbye<BR>And I'll thank my lucky stars for that night<BR><BR><BR>[Pre-Chorus]<BR>When you looked over your shoulder<BR>For a minute, I forget that I'm older<BR>I wanna dance with you right now, woah<BR><BR>And you look as beautiful as ever<BR>And I swear that every day, you'll get better<BR>You make me feel this way somehow<BR><BR><BR>[Chorus]<BR>I'm so in love with you and I hope you know<BR>Darlin', your love is more than worth its weight in gold<BR>We've come so far, my dear, look how we've grown<BR>And I wanna stay with you until we're grey and old[Post-Chorus]<BR>Just say you won't let go<BR>Just say you won't let go<BR><BR>[Bridge]<BR>I wanna live with you even when we're ghosts<BR>'Cause you were always there for me when I needed you most<BR><BR><BR>[Chorus]<BR>I'm gonna love you till my lungs give out<BR>I promise till death we part, like in our vows<BR>So, I wrote this song for you, now everybody knows<BR>That it's just you and me till we're grey and old<BR><BR><BR>[Post-Chorus]<BR>Just say you won't let go<BR>Just say you won't let go<BR>Just say you won't let go<BR>Oh, just say you won't let go</p><BR><BR><BR><BR><blockquote style=!)text-align: center;!)><p style=!)margin: 5px;!)><strong>Album</strong> - Back from the Edge By James arthur</p><p style=!)margin-top: 5px;!)><strong>Release Date</strong> - September 9, 2016</p></blockquote>",English Lyrics,"Say you won’t let go Lyrics,R&B,Pop,UK Pop,UK R&B,Alternative R&B,Adult Contemporary,Easy Listening,Acoustic,Singer-Songwriter,Ballad,UK"
"December 9, 2022",Kill bill Lyrics - Sza,"<h2 style=!)text-align: center;!)>Kill bill Lyrics - Sza</h2> <BR><BR><BR><p style=!)text-align: center;!)>[Verse 1]<BR>I'm still a fan even though I was salty<BR>Hate to see you with some other broad, know you happy<BR>Hate to see you happy if I'm not the one drivin'<BR><BR><BR>[Pre-Chorus]<BR>I'm so mature, I'm so mature<BR><BR>I'm so mature, I got me a therapist to tell me there's other men<BR><BR>I don't want none, I just want you<BR>If I can't have you, no one should, I might<BR><BR>Ken Carson 'Freestyle 2' Official Lyrics & Meaning | Verified<BR>[Chorus]<BR>I might kill my ex, not the best idea<BR>His new girlfriend's next, how'd I get here?<BR>I might kill my ex, I still love him, though<BR><BR>Rather be in jail than alone<BR><BR><BR>[Verse 2]<BR>I get the sense that it's a lost cause<BR>I get the sense that you might really love her<BR>The text gon' be evidence, this text is evidence<BR>I try to ration with you, no murders, no crime of passion<BR>But, damn, you was out of reach<BR>You was at the farmer's market with your perfect peach<BR><BR>Now I'm in amazement, playin' on my patience<BR>Now you layin' face-down, got me singin' over a beat<BR><BR>[Pre-Chorus]<BR>I'm so mature, I'm so mature<BR><BR>I'm so mature, I got me a therapist to tell me there's other men<BR><BR>I don't want none, I just want you<BR>If I can't have you, no one will, I (I might)<BR><BR>[Chorus]<BR>I might kill my ex, not the best idea<BR>His new girlfriend's next, how'd I get here?<BR>I might kill my ex, I still love him, though<BR><BR>Rather be in jail than alone[Bridge]<BR>I did it all for love (Love)<BR>I did it all on no drugs (Drugs)<BR>I did all of this sober<BR>I did it all for us, oh<BR>I did it all for love (Love)<BR>I did all of this on no drugs (Drugs)<BR>I did all of this sober<BR>Don't you know I did it all for us? (I'm gon' kill your ass tonight)<BR><BR><BR>[Chorus]<BR>Oh, I just killed my ex, not the best idea (Idea)<BR>Killed his girlfriend next, how'd I get here?<BR>I just killed my ex, I still love him, though (I do)<BR><BR>Rather be in hell than alone</p><BR><BR><BR><BR><blockquote style=!)text-align: center;!)><p style=!)margin: 5px;!)><strong>Album</strong> - SOS By Sza</p><p style=!)margin-top: 5px;!)><strong>Release Date</strong> - December 9, 2022</p></blockquote>",English Lyrics,"Kill bill Lyrics,Pop,Alternative R&B,Alternative Pop,Psychedelic,Bedroom Pop,Trip-Hop"
"February 14, 2023",A&w Lyrics - Lana del rey,"<h2 style=!)text-align: center;!)>A&w Lyrics - Lana del rey</h2> <BR><BR><BR><p style=!)text-align: center;!)>[Part I]<BR><BR>[Verse 1]<BR>I haven't done a cartwheel since I was nine<BR>I haven't seen my mother in a long, long time<BR><BR>I mean, look at me<BR>Look at the length of my hair, and my face, the shape of my body<BR>Do you really think I give a damn<BR>What I do after years of just hearing them talking?<BR><BR><BR>[Pre-Chorus]<BR>I say I live in Rosemead, really, I'm at the Ramada<BR>It doesn't really matter, doesn't really, really matter<BR><BR>Ken Carson 'Freestyle 2' Official Lyrics & Meaning | Verified<BR>[Chorus]<BR>Call him up, come into my bedroom<BR>Ended up, we fuck on the hotel floor<BR>It's not about havin' someone to love me anymorе<BR>This is the experiеnce of bein' an American whore<BR><BR><BR>[Verse 2]<BR>Called up one drunk, called up another<BR>Forensic Files wasn't on<BR><BR>Watching Teenage Diary of a Girl<BR><BR>Wondering what went wrong<BR>I'm a princess, I'm divisive<BR>Ask my why, why, why I'm like this<BR>Maybe I just kinda like this<BR>I don't know, maybe I'm just like this<BR><BR><BR>[Pre-Chorus]<BR>I say I live in Rosemead, really, I'm at the Ramada<BR>It doesn't really matter, doesn't really, really matter<BR><BR>[Chorus]<BR>Call him up, he comes over again<BR>Yeah, I know I'm over my head but, oh<BR>It's not about havin' someone to love me anymore<BR>No, this is the experience of bein' an American whore[Verse 3]<BR>I mean look at my hair<BR>Look at the length of it and the shape of my body<BR><BR>If I told you that I was raped<BR>Do you really think that anybody would think<BR>I didn't ask for it? I didn't ask for it<BR>I won't testify, I already fucked up my story<BR><BR>On top of this (Mm), so many other things you can't believe<BR>Did you know a singer can still be<BR>Looking like a sidepiece at thirty-three?<BR><BR>God's a charlatan, don't look back, babe<BR>Puts the shower on while he calls me<BR>Slips out the back door to talk to me<BR>I'm invisible, look how you hold me<BR>I'm invisible, I'm invisible<BR>I'm a ghost now, look how you hold me now<BR><BR><BR>[Chorus]<BR>It's not about havin' someone to love me anymore (Oh, okay)<BR>No, this is the experience of bein' an American whore<BR>It's not about havin' someone to love me anymore<BR>No, this is the experience of bein' an American whore<BR><BR><BR>[Part II]<BR><BR>[Intro]<BR>This is the experience of bein' an American whore<BR>This is the experience of bein' an American whore<BR>This is the experience of bein' an American whore<BR><BR>Woo[Chorus]<BR>Jimmy Jimmy cocoa puff, Jimmy Jimmy ride<BR>Jimmy Jimmy cocoa puff, Jimmy, get me high (Oh my god)<BR><BR>Love me if you love or not, you can be my light<BR>Jimmy only love me when he wanna get high<BR>Jimmy only love me when he wanna get high<BR>Jimmy only love me when he wanna get high<BR>Jimmy only love me when he wanna get high<BR><BR>Your mom called, I told her, you're fuckin' up big time<BR><BR>[Post-Chorus]<BR>Your mom called, I told her, you're fuckin' up big time<BR><BR>[Chorus]<BR>Jimmy Jimmy cocoa puff, Jimmy Jimmy ride<BR>Jimmy Jimmy cocoa puff, Jimmy, get me high<BR><BR>Love me if you live and love, you can be my light (Mm)<BR>Jimmy only love me when he wanna get high<BR>Jimmy only love me when he wanna get high<BR>Jimmy only love me when he wanna get high<BR>Jimmy only love me when he wanna get high<BR><BR>Your mom called, I told her, you're fucking up big time<BR><BR>[Verse]<BR>Jimmy, you should switch it up, baby, light it up<BR>Jimmy, if you leave the house, find me in the club (Like)<BR>Jimmy, if you switch it up, you should light it up<BR>Jimmy, if you leave the house, find me in the club (Like, surf's up)<BR><BR>Your mom called, I told her, you're fuckin' up big time<BR>But I don't care, baby, I already lost my mind<BR>Jimmy, if I lie it up, find me in the club (Mind, mind)<BR><BR>Your mom called, I told her, you're fuckin' up big time<BR><BR>[Chorus]<BR>Jimmy Jimmy cocoa puff, Jimmy Jimmy ride<BR>Jimmy Jimmy cocoa puff, Jimmy, get me high<BR><BR>Love me if you love or not, you can be my light<BR>Jimmy only love me when he wanna get high<BR>Jimmy only love me when he wanna get high<BR>Jimmy only love me when he wanna get high<BR>Jimmy only love me when he wanna get high<BR><BR>Your mom called, I told her, you're fuckin' up big time</p><BR><BR><BR><BR><blockquote style=!)text-align: center;!)><p style=!)margin: 5px;!)><strong>Album</strong> - Did you know that there’s a tunnel under Ocean Blvd By Lana del rey</p><p style=!)margin-top: 5px;!)><strong>Release Date</strong> - February 14, 2023</p></blockquote>",English Lyrics,"A&w Lyrics,Pop,Experimental,Experimental Pop,Folk,Folk Pop,Americana,Trip-Hop,Art Pop,Alternative Pop,Alternative,Singer-Songwriter"
"February 3, 2023",Boy’s a liar pt. 2 Lyrics - Pinkpantheress & ice spice,"<h2 style=!)text-align: center;!)>Boy’s a liar pt. 2 Lyrics - Pinkpantheress & ice spice</h2> <BR><BR><BR><p style=!)text-align: center;!)>[Verse 1: PinkPantheress]<BR>Take a look inside your heart<BR>Is there any room for me<BR> (Is there any room for me?)<BR>I won't have to hold my breath<BR>Till you get down on one knee<BR> (Till you get down on one knee)<BR>Because you only want to hold me<BR>When I'm looking good enough (When I'm looking good enough)<BR>Did you ever feel me?<BR>Would you ever picture us? (Would you ever picture us?)<BR><BR>[Verse 2: PinkPantheress]<BR>Every time I pull my hair<BR>Well, it's only out of fear (Only out of fear)<BR>That you'll find me ugly<BR>And one day you'll disappear because<BR>What's the point of crying?<BR>It was nеver even lovе (It was never even love)<BR>Did you ever want me?<BR>Was I ever good enough? (Ever good enough?)<BR><BR><BR>Ken Carson 'Freestyle 2' Official Lyrics & Meaning | Verified<BR>[Chorus: PinkPantheress]<BR>The-the boy's a liar, the boy's a liar<BR>He doesn't see ya, you're not looking at me, boy<BR>The boy's a liar, the boy's a liar<BR>He doesn't see ya, you're not looking at me, boy<BR><BR><BR>[Post-Chorus: PinkPantheress]<BR>Good eno-o-ough, good eno-o-ough<BR>Good eno-o-ough, good eno-o-ough<BR>Good eno-o-ough, good eno-o-ough<BR>Good eno-o-ough, good eno-o-ough<BR><BR>[Verse 3: Ice Spice]<BR>He say that I'm good enough, grabbin' my duh-duh-duh<BR><BR>Thinkin' 'bout shit that I shouldn't have (Huh)<BR>So I tell him there's one of me, he makin' fun of me (Ha-ha)<BR>His girl is a bum to me (Grrah)<BR>Like that boy is a cap<BR>Sayin' he home, but I know where he at, like<BR>Bet he blowin' her back<BR>Thinkin' 'bout me 'cause he know that ass fat (Damn)<BR><BR>And it been what it been (Huh)<BR>Callin' his phone like, ""Yo, send me a pin""<BR>Duckin' my shit, 'cause he know what I'm on (Grrah)<BR><BR>But when he hit me I'm not gon' respond (Grrah)<BR>But I don't sleep enough without you<BR>And I can't eat enough without you (Huh)<BR>If you don't speak, does that mean we're through? (Huh)<BR>Don't like sneaky shit that you do (Grrah)[Chorus: PinkPantheress]<BR>The-the boy's a liar, the boy's a liar<BR>He doesn't see ya, you're not looking at me, boy<BR>The boy's a liar, the boy's a liar<BR>He doesn't see ya, you're not looking at me, boy<BR><BR>[Post-Chorus: PinkPantheress]<BR>Good eno-o-ough, good eno-o-ough<BR>Good eno-o-ough, good eno-o-ough<BR>Good eno-o-ough, good eno-o-ough<BR>Good eno-o-ough, good eno-o-ough</p><BR><BR><BR><BR><blockquote style=!)text-align: center;!)><p style=!)margin: 5px;!)><strong>Album</strong> - PP2* By Pinkpantheress & ice spice</p><p style=!)margin-top: 5px;!)><strong>Release Date</strong> - February 3, 2023</p></blockquote>",English Lyrics,"Boy’s a liar pt. 2 Lyrics,Rap,Pop,UK,Chiptune,Remix,Dance-Pop,Alternative Dance,UK Pop,Alternative Pop"
"September 1, 2021",Until i found you Lyrics - Stephen sanchez,"<h2 style=!)text-align: center;!)>Until i found you Lyrics - Stephen sanchez</h2> <BR><BR><BR><p style=!)text-align: center;!)>[Verse 1: Stephen Sanchez]<BR>Georgia<BR>Wrap me up in all your—<BR><BR>I want ya<BR>In my arms, oh, let me<BR>Hold ya<BR>I'll never let you go again<BR>Like I did<BR>Oh, I used to say<BR><BR>[Chorus: Stephen Sanchez & Georgia Brown]<BR>""I would never fall in love again until I found her""<BR><BR>I said, ""I would never fall, unless it's you I fall into""<BR>I was lost within the darkness, but then I found her<BR><BR>I found you<BR><BR>Ken Carson 'Freestyle 2' Official Lyrics & Meaning | Verified<BR>[Verse 2: Stephen Sanchez & Georgia Brown]<BR>Georgia<BR>Pulled me in, I asked to<BR>Love her<BR>Once again, you fell, I<BR>Caught ya<BR>I'll never let you go again<BR>Like I did<BR>Oh, I used to say<BR><BR>[Chorus: Stephen Sanchez & Georgia Brown]<BR>""I would never fall in love again until I found her""<BR><BR>I said, ""I would never fall unless it's you I fall into""<BR>I was lost within the darkness, but then I found her<BR><BR>I found you<BR><BR>[Guitar Solo]<BR><BR>[Chorus: Stephen Sanchez & Georgia Brown]<BR>""I would never fall in love again until I found her""<BR><BR>I said, ""I would never fall unless it's you I fall into""<BR>I was lost within the darkness, but then I found her<BR><BR>I found you</p><BR><BR><BR><BR><blockquote style=!)text-align: center;!)><p style=!)margin: 5px;!)><strong>Album</strong> - Easy On My Eyes By Stephen sanchez</p><p style=!)margin-top: 5px;!)><strong>Release Date</strong> - September 1, 2021</p></blockquote>",English Lyrics,"Until i found you Lyrics,Pop,Acoustic,Ballad,Singer-Songwriter,Bedroom Pop,Soft Rock,Alternative Pop,Alternative"
"January 13, 2023",Flowers Lyrics - Miley cyrus,"<h2 style=!)text-align: center;!)>Flowers Lyrics - Miley cyrus</h2> <BR><BR><BR><p style=!)text-align: center;!)>[Verse 1]<BR>We were good, we were gold<BR>Kinda dream that can't be sold<BR>We were right 'til we weren't<BR><BR>Built a home and watched it burn<BR><BR><BR>[Pre-Chorus]<BR>Mm, I didn't wanna leave you, I didn't wanna lie<BR>Started to cry, but then remembered I<BR><BR><BR>[Chorus]<BR>I can buy myself flowers<BR>Write my name in the sand<BR>Talk to myself for hours<BR>Say things you don't understand<BR>I can take myself dancing<BR>And I can hold my own hand<BR><BR>Yeah, I can love me better than you can<BR><BR><BR>Ken Carson 'Freestyle 2' Official Lyrics & Meaning | Verified<BR>[Post-Chorus]<BR>Can love me better, I can love me better, baby<BR>Can love me better, I can love me better, baby<BR><BR><BR>[Verse 2]<BR>Paint my nails cherry-red<BR>Match the roses that you left<BR>No remorse, no regret<BR>I forgive every word you said<BR><BR><BR>[Pre-Chorus]<BR>Ooh, I didn't wanna leave you, baby, I didn't wanna fight<BR>Started to cry, but then remembered I<BR><BR><BR>[Chorus]<BR>I can buy myself flowers<BR>Write my name in the sand<BR>Talk to myself for hours, yeah<BR>Say things you don't understand<BR>I can take myself dancing, yeah<BR>I can hold my own hand<BR><BR>Yeah, I can love me better than you can<BR><BR><BR>[Post-Chorus]<BR>Can love me better, I can love me better, baby<BR>Can love me better, I can love me better, baby<BR>Can love me better, I can love me better, baby<BR>Can love me better, I (Ooh, I)[Bridge]<BR>I didn't wanna leave you, I didn't wanna fight<BR>Started to cry, but then remembered I<BR><BR><BR>[Chorus]<BR>I can buy myself flowers (Uh-huh)<BR>Write my name in the sand<BR>Talk to myself for hours (Yeah)<BR>Say things you don't understand (Better than you)<BR>I can take myself dancing, yeah<BR>I can hold my own hand<BR><BR>Yeah, I can love me better than<BR>Yeah, I can love me better than you can<BR><BR><BR>[Post-Chorus]<BR>Can love me better, I can love me better, baby (Uh)<BR>Can love me better, I can love me better, baby (Than you can)<BR>Can love me better, I can love me better, baby<BR>Can love me better, I</p><BR><BR><BR><BR><blockquote style=!)text-align: center;!)><p style=!)margin: 5px;!)><strong>Album</strong> - Endless Summer Vacation By Miley cyrus</p><p style=!)margin-top: 5px;!)><strong>Release Date</strong> - January 13, 2023</p></blockquote>",English Lyrics,"Flowers Lyrics,Pop,Funk-Pop,Dance Rock,Pop-Rock,Nu Disco,Dance-Pop,Dance"
"November 25, 2022",Ялрс (ildb) Lyrics - Soda luv,"<h2 style=!)text-align: center;!)>Ялрс (ildb) Lyrics - Soda luv</h2> <BR><BR><BR><p style=!)text-align: center;!)>[Текст песни «​ЯЛРС»]<BR><BR>[Припев<BR>]<BR>Я люблю разных сучек:<BR>Грязных сучек, белых сучек, чёрных сучек<BR>Умных, глупых и неадекватных сучек (Неадекватных сучек)<BR>Люблю высоких сучек, низких сучек, толстых сучек, skinny сучек<BR>Люблю сук с района и богатых сучек (Сучек)<BR><BR>Я люблю лапать сучек, трахать сучек, пимпить сучек, паппать сучек (Пау)<BR>Презики всегда ношу на всякий случай (Пау)<BR>Я люблю шлёпать сучек, шёпот сучек (Пш-ш), стоны сучек (Ах)<BR>Если мне нужна одна, то это одна тонна сучек (Много)<BR><BR>BoyWithUke 'Toxic' Official Lyrics & Meaning | Verified<BR>[Куплет]<BR>Я-Я-Я нихуя не верный — все малыхи это знают<BR>У меня нет постоянки — значит, я не изменяю (Факт)<BR>Мысли о хуйне меня к наркотикам склоняют<BR>Пять лямов на руке, я без охранника слоняюсь (Пр-р)<BR><BR>Малой, как волосы с лобка — вырос, став жёстким<BR><BR>Взял на пробу и молился: «​Лишь бы был стафф жёстким» (Пожалуйста)<BR>Боль стоит дорого, но она стоит того<BR>Чел любит Hi-Tech, но у него десятый Айфон (Р-р-р-р)<BR><BR>Больше не нюхаю дерьмо, я внедорожник (Skrrt)<BR><BR>Её киска не мой опп, но хочу её уничтожить (Пау-пау)<BR>Ты кладёшь бабки к зеркалу, чтобы их приумножить (Why?)<BR>Всегда знал, что буду богатым, просто надо было дожить (Пау-пау-пау)<BR>Сорок два дага со мной, не Lil Baby, я Анжи<BR><BR>Нахуй разжёвывать сто раз, если есть ножи? (Ай)<BR>Сука — Cardi B, на мне блины будто я лёг на жим (На жим)<BR>Перевёл страпон в автоматический режим<BR>Они думают, что раз я молодой, то я живу быстро<BR>С ними не согласна индика и лина канистра (Сколько стоит?)<BR><BR>О, о, ра-ра, похуй на числа<BR>Приходится мешать, я ща сипаю грязный на Чистых<BR><BR>Если белый попытается ограбить — я попробую убить его (Пр-р)<BR>Мне не нужен плед, чтобы накрыть его<BR><BR>Мой ствол заставит Ваню Гамаза тебе завидовать<BR><BR>И тебе резко станет отвратительно, о, о (Хуёво)<BR>Чекай, еблан, у меня клан, и мы как Сопрано<BR><BR>Стоп! Рано! Свой рот от моего члена убрала<BR>Я люблю сучек-роботов — это их программа (Пш-пш-пш)<BR>Обрез во рту, как будто она сосёт араба[Припев]<BR>Я люблю разных сучек:<BR>Грязных сучек, белых сучек, чёрных сучек<BR>Умных, глупых и неадекватных сучек (Неадекватных сучек)<BR>Люблю высоких сучек (Эй), низких сучек, толстых сучек (Эй), skinny сучек<BR>Люблю сук с района и богатых сучек (Сучек)<BR><BR>Я люблю лапать сучек, трахать сучек, пимпить сучек, паппать сучек<BR>Презики всегда ношу на всякий случай (А-а)<BR>Я люблю шлёпать сучек, шёпот сучек (Пш-ш), стоны сучек (Ах)<BR>Если мне нужна одна, то это одна тонна сучек (Много)</p><BR><BR><BR><BR><blockquote style=!)text-align: center;!)><p style=!)margin: 5px;!)><strong>Album</strong> - НИЧЕГО ЛИЧНОГО 2 (NOTHING PERSONAL 2) By Soda luv</p><p style=!)margin-top: 5px;!)><strong>Release Date</strong> - November 25, 2022</p></blockquote>",English Lyrics,"Ялрс (ildb) Lyrics,Rap,Dark Trap,Русский рэп (Russian Rap),Русский трэп (Russian Trap),Россия (Russia),Trap"
"May 25, 2008",Viva la vida Lyrics - Coldplay,"<h2 style=!)text-align: center;!)>Viva la vida Lyrics - Coldplay</h2> <BR><BR><BR><p style=!)text-align: center;!)>[Verse 1: Chris Martin]<BR>I used to rule the world<BR>Seas would rise when I gave the word<BR><BR>Now in the morning, I sleep alone<BR>Sweep the streets I used to own<BR><BR><BR>[Instrumental Interlude]<BR><BR>[Verse 2: Chris Martin]<BR>I used to roll the dice<BR>Feel the fear in my enemies' eyes<BR><BR>Listen as the crowd would sing<BR>""Now the old king is dead, long live the king""<BR><BR>One minute, I held the key<BR><BR>Next, the walls were closed on me<BR><BR>And I discovered that my castles stand<BR>Upon pillars of salt and pillars of sand<BR><BR><BR>Ken Carson 'Freestyle 2' Official Lyrics & Meaning | Verified<BR>[Chorus: Chris Martin]<BR>I hear Jerusalem bells a-ringin'<BR>Roman cavalry choirs are singin'<BR><BR>Be my mirror, my sword and shield<BR><BR>My missionaries in a foreign field<BR><BR>For some reason I can't explain<BR>Once you'd gone, there was never<BR><BR>Never an honest word<BR>And that was when I ruled the world<BR><BR><BR>[Interlude]<BR><BR>[Verse 3: Chris Martin]<BR>It was the wicked and wild wind<BR>Blew down the doors to let me in<BR><BR>Shattered windows and the sound of drums<BR>People couldn't believe what I'd become<BR><BR>Revolutionaries wait<BR>For my head on a silver plate<BR><BR>Just a puppet on a lonely string (Mmm, mmm)<BR>Aw, who would ever wanna be king?<BR><BR><BR>[Chorus: Chris Martin]<BR>I hear Jerusalem bells a-ringin'<BR>Roman cavalry choirs are singin'<BR><BR>Be my mirror, my sword and shield<BR><BR>My missionaries in a foreign field<BR><BR>For some reason I can't explain<BR>I know Saint Peter won't call my name<BR><BR>Never an honest word<BR>But that was when I ruled the world[Bridge: Brian Eno, Guy Berryman, Jonny Buckland & Will Champion]<BR>Oh-oh-oh, oh-oh, oh<BR>Oh-oh-oh, oh-oh, oh<BR>Oh-oh-oh, oh-oh, oh<BR>Oh-oh-oh, oh-oh, oh<BR><BR>[Chorus: Chris Martin, Brian Eno, Guy Berryman, Jonny Buckland & Will Champion]<BR>(Oh-oh-oh, oh-oh, oh)<BR>Hear Jerusalem bells a-ringin'<BR><BR>(Oh-oh-oh, oh-oh, oh)<BR>Roman cavalry choirs are singin'<BR><BR>(Oh-oh-oh, oh-oh, oh)<BR>Be my mirror, my sword and shield<BR><BR>(Oh-oh-oh, oh-oh, oh)<BR>My missionaries in a foreign field<BR><BR>(Oh-oh-oh, oh-oh, oh)<BR>For some reason I can't explain<BR><BR>(Oh-oh-oh, oh-oh, oh)<BR>I know Saint Peter won't call my name<BR><BR>Never an honest word<BR>But that was when I ruled the world<BR><BR><BR>[Outro]<BR>Mmm, mmm, mmm, mmm<BR>Mmm, mmm, mmm, mmm<BR>Mmm, mmm</p><BR><BR><BR><BR><blockquote style=!)text-align: center;!)><p style=!)margin: 5px;!)><strong>Album</strong> - Viva la Vida or Death and All His Friends By Coldplay</p><p style=!)margin-top: 5px;!)><strong>Release Date</strong> - May 25, 2008</p></blockquote>",English Lyrics,"Viva la vida Lyrics,Pop,Rock,Rock Pop,UK Pop,Chamber Pop,Alternative Pop,Alternative,Alternative Rock,Classical Crossover,Art Pop,Art Rock,Singer-Songwriter,Orchestral,Adult Alternative,Adult Contemporary,Pop-Rock,Chamber Music,Baroque Pop,British Rock,Soundtrack,UK"
"May 20, 2020",藤井風 (fujii kaze) - 死ぬのがいいわ (shinunoga e-wa) (romanized) Lyrics,"<h2 style=!)text-align: center;!)>藤井風 (fujii kaze) - 死ぬのがいいわ (shinunoga e-wa) (romanized) Lyrics</h2> <BR><BR><BR><p style=!)text-align: center;!)>[Verse 1]<BR>Yubikiri genman hora demo fuitara<BR>Hari demo nan demo nomasete itadaki Monday<BR>It doesn't matter if it's Sunday<BR><BR>Kagami yo kagami yo kono yo de ichiban<BR>Kawaru koto no nai ai wo kureru no wa dare<BR>No need to ask 'cause it's my darling<BR><BR>[Chorus]<BR>Watashi no saigo wa anata ga ii (Ii)<BR>Anata to kono mama osaraba suru yori<BR>Shinu no ga ii wa<BR>Shinu no ga ii wa<BR>Sando no meshi yori anta ga ii no yo (Ii)<BR>Anta to kono mama osaraba suru yo ka<BR>Shinu no ga ii wa<BR>Shinu no ga ii wa<BR><BR>Ken Carson 'Freestyle 2' Official Lyrics & Meaning | Verified<BR>[Verse 2]<BR>Soredemo tokidoki uwatsuku my heart<BR>Shindemo naorana naoshite misemasu baby<BR>Yeah, I ain't nothin' but ya baby<BR>Ushinatte hajimete kigatsuku nante<BR>Sonna dasai koto mou shita nai no yo goodbye<BR>Oh, don't you ever say bye-bye<BR>Yeah<BR><BR>[Chorus]<BR>Watashi no saigo wa anata ga ii (Ii)<BR>Anata to kono mama osaraba suru yori<BR>Shinu no ga ii wa (Shinu no ga ii wa)<BR>Shinu no ga ii wa (Shinu no ga ii wa)<BR>Sando no meshi yori anta ga ii no yo (Ii)<BR>Anta to kono mama osaraba suru yo ka<BR>Shinu no ga ii wa (Shinu no ga ii wa)<BR>Shinu no ga ii wa (Shinu no ga ii wa)<BR><BR>[Instrumental Interlude]<BR><BR>[Chorus]<BR>Watashi no saigo wa anata ga ii<BR>Anata to kono mama osaraba suru yori<BR>Shinu no ga ii wa (Shinu no ga ii wa)<BR>Shinu no ga ii wa (Shinu no ga ii wa)<BR>Sando no meshi yori anta ga ii no yo<BR>Anta to kono mama osaraba suru yo ka<BR>Shinu no ga ii wa (Shinu no ga ii wa)<BR>Shinu no ga ii wa (Shinu no ga ii wa)[Outro]<BR>Soredemo tokidoki uwatsuku my heart<BR>Sonna dasai no wa mou iranai no yo bye-bye<BR>I'll always stick with ya, my baby</p><BR><BR><BR><BR><blockquote style=!)text-align: center;!)><p style=!)margin: 5px;!)><strong>Album</strong> - 藤井風 (Fujii Kaze) - HELP EVER HURT NEVER (Romanized) By Genius romanizations</p><p style=!)margin-top: 5px;!)><strong>Release Date</strong> - May 20, 2020</p></blockquote>",English Lyrics,"藤井風 (fujii kaze) - 死ぬのがいいわ (shinunoga e-wa) (romanized) Lyrics,Pop,Romanized"
"February 16, 2023",Hope Lyrics - Nf,"<h2 style=!)text-align: center;!)>Hope Lyrics - Nf</h2> <BR><BR><BR><p style=!)text-align: center;!)>[Part I]<BR><BR>[Intro]<BR>Hope<BR>Yeah, I'm on my way, I'm comin'<BR>Don't<BR>Don't lose faith in me<BR>I know you've been waiting<BR>I know you've been prayin' for my soul<BR>Hope<BR>Hope<BR><BR>Thirty years you been draggin' your feet, tellin' me I'm the reason we're stagnant<BR>Thirty years you've been claiming you're honest and promising progress, well, where's it at?<BR>I don't want you to feel like a failure<BR>I know this hurts<BR>But I gave you your chance to deliver<BR>Now it's my turn<BR>Don't get me wrong<BR>Nate, you've had a great run<BR>But it's time to<BR>Give the people somethin' different<BR><BR>So without furthеr ado, I'd<BR>Like to introduce my<BR>My album (My album)<BR>My album (My album), my album<BR>My album (My album), my album (My album), my album (My album)<BR>My album—<BR><BR>HOPE<BR><BR><BR>Ken Carson 'Freestyle 2' Official Lyrics & Meaning | Verified<BR>[Verse 1]<BR>What's my definition of succеss? (Of success)<BR>Listening to what your heart says (Your heart says)<BR>Standing up for what you know is (Is)<BR>Right, while everybody else is (Is)<BR>Tucking their tail between their legs (Okay)<BR>What's my definition of success? (Of success)<BR>Creating something no one else can (Else can)<BR>Being brave enough to dream big (Big)<BR><BR>Grinding when you're told to just quit (Quit)<BR>Giving more when you got nothing left (Left)<BR>It's a person that'll take a chance on<BR>Something they were told could never happen<BR>It's a person that can see the bright side<BR>Through the dark times when there ain't one<BR>It's when someone who ain't never had nothin'<BR>Ain't afraid to walk away from<BR>More profit 'cause they'd rather do somethin'<BR>That they really love and take the pay cut<BR>It's a person that would never waver<BR>Or change who they are<BR>Just to try and gain some credibility<BR>So they could feel accepted by a stranger<BR>It's a person that can take the failures in their life and turn them into motivation<BR>It's believing in yourself when no one else does, it's amazin'<BR><BR>What a little bit of faith can do if you don't even believe in you<BR>Why would you think or expect anybody else that's around you to?<BR>I done did things that I regret, I done said things I can't take back<BR>Was a lost soul at a crossroad who had no hope, but I changed that<BR>I spent years of my life holdin' on to things I never should've kept, full of hatred<BR>Years of my life carryin' a lot of baggage that I should've walked away from<BR><BR>Years of my life wishin' I was someone different, lookin' for some validation<BR>Years of my life tryna fill the void, pretending I was in—<BR>They get it[Verse 2]<BR>Growing pain's a necessary evil<BR>Difficult to go through, yes, but beneficial<BR>Some would say having a mental breakdown is a negative thing<BR>Which on one hand, I agree with<BR>On the other hand, it was the push I needed<BR>To get help and start the healing process, see if<BR>I'd have never hit rock bottom, would I be the person that I am today? I don't believe so<BR>I'm a prime example of what happens when you choose to not accept defeat and face your demons<BR>Took me thirty years to realize that if you wanna get that opportunity to be the<BR>Greatest version of yourself, sometimes you got to be someone you're not<BR> to hear the voice of reason<BR><BR>Having kids will make you really take a step back and look in the mirror, at least for me, that's what it did, I<BR><BR>[Part II]<BR><BR>[Outro]<BR>Wake up every day and pick my son up, hold him in my arms and let him know he's loved (Loved)<BR><BR>Standing by the window, questioning if Dad is ever going to show up (Up)<BR>Isn't something he's gon' have to worry 'bout, don't get it twisted, that wasn't a shot<BR><BR>Mama, I forgive you, <BR>I just don't want him to grow up thinkin' that he'll never be enough<BR>Thirty years of running, thirty years of searchin'<BR><BR>Thirty years of hurting, thirty years of pain<BR>Thirty years of fearful, thirty years of anger<BR>Thirty years of empty, thirty years of shame<BR>Thirty years of broken, thirty years of anguish<BR>Thirty years of hopeless, thirty years of (Hey)<BR>Thirty years of never, thirty years of maybe<BR>Thirty years of later, thirty years of fake<BR>Thirty years of hollow, thirty years of sorrow<BR>Thirty years of darkness, thirty years of (Nate)<BR>Thirty years of baggage, thirty years of sadness<BR>Thirty years of stagnant, thirty years of chains<BR>Thirty years of anxious, thirty years of suffering<BR>Thirty years of torment, thirty years of (Wait)<BR><BR>Thirty years of bitter, thirty years of lonely<BR>Thirty years of pushing everyone away ('Way)<BR>(You'll never evolve) I know I can change<BR>(We are not enough) We are not the same<BR>(You don't have the heart) You don't have the strength<BR>(You don't have the will) You don't have the faith<BR>(You'll never be loved, you'll never be safe)<BR>(Might as well give up) Not running away<BR>(You don't have the guts) You're the one afraid<BR>(I'm the one in charge) I'm taking the— (No)<BR>I'm taking the<BR>Reins</p><BR><BR><BR><BR><blockquote style=!)text-align: center;!)><p style=!)margin: 5px;!)><strong>Album</strong> - HOPE By Nf</p><p style=!)margin-top: 5px;!)><strong>Release Date</strong> - February 16, 2023</p></blockquote>",English Lyrics,"Hope Lyrics,Rap,Soul Rap,Pop Rap,New Wave,Intro,Hip-Hop,Trap"
"January 11, 2023","Bizarrap & shakira - shakira: bzrp music sessions, vol. 53 (english translation) Lyrics","<h2 style=!)text-align: center;!)>Bizarrap & shakira - shakira: bzrp music sessions, vol. 53 (english translation) Lyrics</h2> <BR><BR><BR><p style=!)text-align: center;!)>[Intro: Shakira]<BR>(For guys like you, ooh-ooh-ooh-ooh)<BR>Oh-oh (Oh-oh)<BR>(For guys like you, ooh-ooh-ooh-ooh)<BR><BR>[Verse 1: Shakira]<BR>Sorry, I already caught another plane<BR>I won't be back here, I don't want any more disappointments<BR>So much talk of being a champion<BR><BR>And when I needed you, you gave me the worst version of you<BR><BR>Sorry, baby, it's been a while<BR>Since I should have booted that cat<BR>A she-wolf like me isn't for rookies<BR><BR>Ken Carson 'Freestyle 2' Official Lyrics & Meaning | Verified<BR>[Chorus: Shakira]<BR>A she-wolf like me isn't for guys like you, ooh-ooh-ooh-ooh<BR><BR>For guys like you, ooh-ooh-ooh-ooh<BR>I was out of your league, that's why you're<BR>With someone just like you<BR>, ooh-ooh-ooh-ooh<BR>Oh-oh, oh-oh<BR><BR>[Verse 2: Shakira]<BR>This is for you to be mortified, to chew and swallow, swallow and chew<BR><BR>I won't get back with you, not if you cry, not even if you beg me<BR>It's clear that it's not my fault if they criticize you<BR>I only make music, sorry if it splashes you<BR><BR>You left me with your mom as a neighbor<BR><BR>The press at my door<BR>, and a debt with the Treasury<BR><BR>You thought you'd hurt me, but you made me stronger<BR>Women no longer cry, women get paid<BR><BR>[Pre-Chorus: Shakira]<BR>She's got the name of a good person<BR>Clearly, it's not how it sounds<BR>She's got the name of a good person<BR>Clearly<BR><BR><BR>[Chorus: Shakira]<BR>A she-wolf like me isn't for guys like you, ooh-ooh-ooh-ooh<BR>For guys like you, ooh-ooh-ooh-ooh<BR>I was out of your league, that's why you're<BR>With someone just like you, ooh-ooh-ooh-ooh<BR>Oh-oh, oh-oh[Verse 3: Shakira]<BR>There's a thin line between love and hate<BR>Don't come back here, trust me<BR>No hard feelings, babe, I wish you<BR>Good luck with my so-called replacement<BR>I don't even know what happened<BR>You're acting so weird, I don't even recognize you<BR>I'm worth two 22-year-olds<BR><BR>You traded in a Ferrari for a Twingo<BR>You traded in a Rolex for a Casio<BR><BR>You're all worked up, slow down<BR>Ah, so much time at the gym<BR>But maybe work out your brain a bit too<BR>Pictures wherever I go<BR>I feel like a hostage here<BR><BR>But it's all good<BR>I can be out by tomorrow, and be my guest if you want to move her in too<BR><BR>[Pre-Chorus: Shakira]<BR>She's got the name of a good person (Ooh-ooh-ooh-ooh)<BR>Clearly, it's not how it sounds (Ooh-ooh-ooh-ooh)<BR>She's got the name of a good person (Ooh-ooh-ooh-ooh)<BR><BR>[Chorus: Shakira]<BR>A she-wolf like me isn't for guys like you, ooh-ooh-ooh-ooh<BR>For guys like you, ooh-ooh-ooh-ooh<BR>I was out of your league, that's why you're<BR>With someone just like you, ooh-ooh-ooh-ooh<BR>Oh-oh, oh-oh[Outro: Shakira]<BR>Ooh-ooh-ooh-ooh (For guys, fo-fo-for guys like—)<BR>For dudes like you, ooh-ooh-ooh-ooh (For guys, fo-fo-for guys like—)<BR>I was out of your league, that's why you're<BR>With someone just like you, ooh-ooh-ooh-ooh (It's a wrap)<BR>Oh-oh, oh-oh<BR>That's it, bye</p><BR><BR><BR><BR><blockquote style=!)text-align: center;!)><p style=!)margin: 5px;!)><strong>Album</strong> - Unknown</p><p style=!)margin-top: 5px;!)><strong>Release Date</strong> - January 11, 2023</p></blockquote>",English Lyrics,"Bizarrap & shakira - shakira: bzrp music sessions, vol. 53 (english translation) Lyrics,Pop,English Translation"
"January 2, 2023",Newjeans - omg (romanized) Lyrics,"<h2 style=!)text-align: center;!)>Newjeans - omg (romanized) Lyrics</h2> <BR><BR><BR><p style=!)text-align: center;!)>[Intro: Hanni]<BR>I noraeneun it's about you, baby<BR>Only you<BR>You, you, you<BR>You, you, you, you<BR><BR>[Verse 1: Haerin, Minji, Danielle]<BR>Naega himdeul ttae ul geot gateul ttae (Mm-hm)<BR>Giundo ijen naji aneul ttae (Mm-hm)<BR>It's you, nal geokjeonghane, it's you, nal utgehane<BR>Mal an haedo dwae, boy, what do you say?<BR><BR>Ken Carson 'Freestyle 2' Official Lyrics & Meaning | Verified<BR>[Pre-Chorus: Hyein, Danielle, Minji, Haerin]<BR>(They keep on asking me, ""Who is he?"")<BR>Meollideun eonjedeunji dallyeowa<BR>(They keep on asking me, ""Who is he?"")<BR>Bappeun cheokdo eopsi neon natana<BR>(They keep on asking me, ""Who is he?"")<BR>Ige mari doeni nan mureobwa<BR>(They keep on asking me, ""Who is hе?"")<BR>Neoneun mallya, he's thе one that's living in my system, baby<BR><BR>[Chorus: Hanni, Danielle]<BR>Oh, my, oh, my God, yesanghaesseo na<BR>I was really hoping that he will come through<BR>Oh, my, oh, my God, dan neoppuniya<BR>Asking all the time about what I should do<BR><BR>[Post-Chorus: Haerin, Hyein, Hanni]<BR>No, I can never let him go (Ooh)<BR>Neoman saenggangna, twenty-four (Ooh)<BR>Nan haengunaya jeongmallo (Ooh)<BR>I know, I know (Ooh)<BR>Neol algi jeonkkajineun na (Ooh)<BR>Uimi eopseosseo jeonbu da (Ooh)<BR>Nae mami kkeuchi eomneun geol (Ooh)<BR>I know, I know, I'm going crazy, right?[Verse 2: Minji, Hanni, Danielle]<BR>Eodiseodeun, myeot beonideun<BR>There ain't nothing else that I would hold on to<BR>I hear his voice through all the noise<BR>Jamsirado nae son nochi ma, no, no<BR>Geokjeong eopjana<BR>'Cause I got someone<BR>Honjarado gwaenchana<BR>'Cause I love someone<BR><BR>[Pre-Chorus: Hyein, Hanni, Danielle, Minji]<BR>(They keep on asking me, ""Who is he?"")<BR>Meollideun eonjedeunji dallyeowa<BR>(They keep on asking me, ""Who is he?"")<BR>Bappeun cheokdo eopsi neon natana<BR>(They keep on asking me, ""Who is he?"")<BR>Ige mari doeni nan mureobwa<BR>(They keep on asking me, ""Who is he?"")<BR>Neoneun mallya, he's the one that's living in my system, baby<BR><BR>[Chorus: Hanni, Danielle]<BR>Oh, my, oh, my God, yesanghaesseo na<BR>I was really hoping that he will come through<BR>Oh, my, oh, my God, dan neoppuniya<BR>Asking all the time about what I should do[Post-Chorus: Haerin, Hyein]<BR>No, I can never let him go (Ooh)<BR>Neoman saenggangna, twenty-four (Ooh)<BR>Nan haengunaya jeongmallo (Ooh)<BR>I know, I know (Ooh)<BR>Neol algi jeonkkajineun na (Ooh)<BR>Uimi eopseosseo jeonbu da (Ooh)<BR>Nae mami kkeuchi eomneun geol (Ooh)<BR>I know, I know (He's the one that's living in my system, baby, baby)<BR><BR>[Interlude: Haerin, Hanni, All]<BR>Baby<BR>Babe, baby<BR>I'm going crazy, right? (Baby)<BR>Baby<BR>I'm going crazy, right?<BR>Babe, baby<BR>Neowa na<BR><BR>[Bridge: Hanni, Hyein, Danielle]<BR>My heart is glowing, it's glowing up (Glow, glow)<BR>Neorangman isseumyeon museoul ge eopseo (No, no)<BR>Gadeuk mewojin, da mewojin (bulgeojin)<BR>My heart is glowing, it'd be glowing<BR>'Cause he<BR><BR>[Chorus: Hanni, Danielle]<BR>Oh, my, oh, my God, yesanghaesseo na<BR>I was really hoping that he will come through<BR>Oh, my, oh, my God, dan neoppuniya<BR>Asking all the time about what I should do (Neowa na)<BR><BR>[Post-Chorus: Minji, Hyein, Haerin]<BR>No, I can never let him go (Ooh)<BR>He's right there for me, twenty-four (Ooh)<BR>Nan haengunaya jeongmallo (Ooh)<BR>I know, I know (Neowa na)<BR>Neol algi jeonkkajineun na (Ooh)<BR>Uimi eopseosseo jeonbu da (Ooh)<BR>Eotteokae<BR>My heart is glowing, it's glowing<BR>My heart is glowing up so I can't sleep at night</p><BR><BR><BR><BR><blockquote style=!)text-align: center;!)><p style=!)margin: 5px;!)><strong>Album</strong> - NewJeans - OMG (Romanized) By Genius romanizations</p><p style=!)margin-top: 5px;!)><strong>Release Date</strong> - January 2, 2023</p></blockquote>",English Lyrics,"Newjeans - omg (romanized) Lyrics,Pop,Romanized,Genius Korea"
"January 11, 2023","Shakira: bzrp music sessions, vol. 53 Lyrics - Bizarrap & shakira","<h2 style=!)text-align: center;!)>Shakira: bzrp music sessions, vol. 53 Lyrics - Bizarrap & shakira</h2> <BR><BR><BR><p style=!)text-align: center;!)>[Letra de ""Shakira: Bzrp Music Sessions, Vol. 53""]<BR><BR>[Intro: Shakira]<BR>(Pa' tipos como tú, uh-uh-uh-uh)<BR>Oh-oh (Oh-oh)<BR>(Pa' tipos como tú, uh-uh-uh-uh)<BR><BR>[Verso 1: Shakira]<BR>Perdón, ya cogí otro avión<BR>Aquí no vuelvo, no quiero otra decepción<BR>Tanto que te las das de campeón<BR>Y cuando te necesitaba diste tu peor versión<BR><BR>Sorry, baby, hace rato<BR>Que yo debí botar ese gato<BR>Una loba como yo no está pa' novato'<BR><BR>Ken Carson 'Freestyle 2' Official Lyrics & Meaning | Verified<BR>[Coro: Shakira]<BR>Una loba como yo no está pa' tipos como tú, uh-uh-uh-uh<BR><BR>Pa' tipos como tú, uh-uh-uh-uh<BR>A ti te quedé grande y por eso estás con una igualita que tú, uh-uh-uh-uh<BR>Oh-oh, oh-oh<BR><BR>[Verso 2: Shakira]<BR>Esto es pa' que te mortifique', mastique' y trague', trague' y mastique'<BR>Yo contigo ya no regreso, ni que me llores ni me supliquе'<BR>Entendí que no es culpa mía quе te critiquen<BR>Yo solo hago música, perdón que te salpique<BR><BR>Me dejaste de vecina a la suegra<BR><BR>Con la prensa en la puerta y la deuda en Hacienda<BR><BR>Te creíste que me heriste y me volviste más dura<BR>Las mujeres ya no lloran, las mujeres facturan<BR><BR>[Pre-Coro: Shakira]<BR>Tiene nombre de persona buena<BR>Claramente no es como suena<BR>Tiene nombre de persona buena<BR>Claramente<BR><BR><BR>[Coro: Shakira]<BR>Es igualita que tú, uh-uh-uh-uh<BR>Pa' tipos como tú, uh-uh-uh-uh<BR>A ti te quedé grande y por eso estás con una igualita que tú, uh-uh-uh-uh<BR>Oh-oh, oh-oh[Verso 3: Shakira]<BR>Del amor al odio hay un paso<BR>Por acá no vuelva', hazme caso<BR>Cero rencor, bebé, yo te deseo que te vaya bien con mi supuesto reemplazo<BR>No sé ni qué es lo que te pasó<BR>'Tás tan raro que ni te distingo<BR>Yo valgo por dos de 22<BR><BR>Cambiaste un Ferrari por un Twingo<BR><BR>Cambiaste un Rolex por un Casio<BR><BR>Vas acelera'o, dale despacio<BR>Ah, mucho gimnasio<BR>Pero trabaja el cerebro un poquito también<BR>Fotos por donde me ven<BR>Aquí me siento un rehén, por mí todo bien<BR>Yo te desocupo mañana y si quieres traértela a ella, que venga también<BR><BR><BR>[Pre-Coro: Shakira]<BR>Tiene nombre de persona buena (Uh-uh-uh-uh)<BR>Claramente no es como suena (Uh-uh-uh-uh)<BR>Tiene nombre de persona buena (Uh-uh-uh-uh)<BR><BR><BR>[Coro: Shakira]<BR>Y una loba como yo no está pa' tipos como tú, uh-uh-uh-uh<BR>Pa' tipos como tú, uh-uh-uh-uh<BR>A ti te quedé grande y por eso estás con una igualita que tú, uh-uh-uh-uh<BR>Oh-oh, oh-oh[Outro: Shakira]<BR>Uh-uh-uh-uh (Pa' tipos, pa'-pa'-pa' tipos como—)<BR>Pa' tipos como tú, uh-uh-uh-uh (Pa' tipos, pa'-pa'-pa' tipos como—)<BR>A ti te quedé grande y por eso estás con una igualita que tú, uh-uh-uh-uh (It's a wrap)<BR>Oh-oh, oh-oh<BR>Ya está, chao</p><BR><BR><BR><BR><blockquote style=!)text-align: center;!)><p style=!)margin: 5px;!)><strong>Album</strong> - BZRP Music Sessions By Bizarrap & shakira</p><p style=!)margin-top: 5px;!)><strong>Release Date</strong> - January 11, 2023</p></blockquote>",English Lyrics,"Shakira: bzrp music sessions, vol. 53 Lyrics,Pop,Deep House,Synth-Pop,Latin Urban,Latin Pop,Latin Music,En Español,Colombia,Argentina"
"January 27, 2023",​the black seminole. Lyrics - Lil yachty,"<h2 style=!)text-align: center;!)>​the black seminole. Lyrics - Lil yachty</h2> <BR><BR><BR><p style=!)text-align: center;!)>[Chorus]<BR>Sex symbol, the Black Seminole<BR>A sex symbol, the Black Seminole<BR><BR>African Rambo with more ammo<BR><BR>Can't be escaped, I'm on every channel<BR><BR><BR>[Verse 1]<BR>What's wrong? What's wrong, Mr. Man?<BR>Your eyes are low<BR>And you're walking with both hands on your head<BR>His response, he's on a clean, clean high<BR>Both feet up on the ground<BR>But his head's way, way, way in the sky<BR><BR>Ken Carson 'Freestyle 2' Official Lyrics & Meaning | Verified<BR>[Chorus]<BR>The Black Seminole, a head general<BR><BR>Distant connections, a large interval<BR>A black man with mouths to feed<BR>Embracing equality throughout greed<BR><BR>[Verse 2]<BR>No time to joke around, the kid is now a man<BR>And the silence is filled with remarkable sounds<BR>This part I've seen in my dreams<BR>Love is not a lie, it just feels like a Tarantino movie scene<BR><BR><BR>[Instrumental Interlude]<BR><BR>[Outro: Lil Yachty & Diana Gordon]<BR><BR>Now<BR>Ooh, ooh-ooh, ooh<BR>Mm-mm-mmm, ooh<BR>Ah-ha, aaah, yeah-hey, yeah</p><BR><BR><BR><BR><blockquote style=!)text-align: center;!)><p style=!)margin: 5px;!)><strong>Album</strong> - Let’s Start Here. By Lil yachty</p><p style=!)margin-top: 5px;!)><strong>Release Date</strong> - January 27, 2023</p></blockquote>",English Lyrics,"​the black seminole. Lyrics,Rock,Space,Psychedelic Soul,Space Rock,Neo-Psychedelia,Art Rock,Progressive Rock,Intro,Psychedelic Rock,Psychedelic"
"February 10, 2023",Lost Lyrics - Linkin park,"<h2 style=!)text-align: center;!)>Lost Lyrics - Linkin park</h2> <BR><BR><BR><p style=!)text-align: center;!)>[Verse 1: Chester Bennington & Mike Shinoda]<BR>Just a scar somewhere down inside of me<BR>Something I can not repair<BR>Even though it will always be<BR>I pretend it isn't there (This is how I feel)<BR>I'm trapped in yesterday (Just a memory)<BR>Where the pain is all I know (This is all I know)<BR><BR><BR>[Pre-Chorus: Chester Bennington & Mike Shinoda]<BR>And I'll never break away (Can't break free)<BR>'Cause when I'm alone<BR><BR>Ken Carson 'Freestyle 2' Official Lyrics & Meaning | Verified<BR>[Chorus: Chester Bennington]<BR>I'm lost in these memories<BR>Living behind my own illusion<BR>Lost all my dignity<BR>Living inside my own confusion<BR><BR><BR>[Verse 2: Chester Bennington & Mike Shinoda]<BR>But I'm tired, I will always be afraid<BR>Of the damage I've received<BR>Broken promises they made<BR>And how blindly I believed (This is all I know)<BR><BR><BR>[Pre-Chorus: Chester Bennington & Mike Shinoda]<BR>I will never break away (Can't break free)<BR>'Cause when I'm alone<BR><BR>[Chorus: Chester Bennington]<BR>I'm lost in these memories<BR>Living behind my own illusion<BR>Lost all my dignity<BR>Living inside my own confusion<BR><BR>[Bridge: Chester Bennington]<BR>I try to keep this pain inside<BR>But I will never be alright<BR>I try to keep this pain inside<BR>But I will never be alright<BR>I try to keep this pain inside (I'm lost)<BR>But I will never be alright<BR>I try to keep this pain inside (I'm lost)<BR>But I will never be alright[Chorus: Chester Bennington]<BR>I'm lost in these memories<BR>Living behind my own illusion<BR>Lost all my dignity<BR>Living inside my own confusion</p><BR><BR><BR><BR><blockquote style=!)text-align: center;!)><p style=!)margin: 5px;!)><strong>Album</strong> - Meteora (20th Anniversary Edition) By Linkin park</p><p style=!)margin-top: 5px;!)><strong>Release Date</strong> - February 10, 2023</p></blockquote>",English Lyrics,"Lost Lyrics,Rock,Alternative Rock,Metal,Nu-Metal,Alternative Metal"
"December 19, 2022",Newjeans - ditto (romanized) Lyrics,"<h2 style=!)text-align: center;!)>Newjeans - ditto (romanized) Lyrics</h2> <BR><BR><BR><p style=!)text-align: center;!)>[Intro: Hyein]<BR>Hoo-ooh, ooh-ooh<BR>Hoo-ooh, hoo<BR><BR>[Chorus: Hanni]<BR>Stay in the middle<BR>Like you a little, don't want no riddle<BR>Malhaejwo say it back, oh, say it ditto<BR>Achimeun neomu meoreo so say it ditto<BR><BR>[Verse 1: Haerin, Danielle]<BR>Huljjeok keobeoryeosseo<BR>Hamkkehan gieokcheoreom<BR>Neol boneun nae maeumeun<BR>Eoneusae yeoreum jina gaeul<BR>Gidaryeotji all this time<BR>Do you want somebody?<BR>Like I want somebody?<BR>Nal bogo useotjiman<BR>Do you think about me now, yeah?<BR>All the time, yeah, all the time<BR><BR>Ken Carson 'Freestyle 2' Official Lyrics & Meaning | Verified<BR>[Pre-Chorus: Hyein, Hanni]<BR>I got no timе to lose<BR>Nae gireotdеon haru<BR>Nan bogo sipeo<BR>Ra-ta-ta-ta, ullin simjang (Ra-ta-ta-ta)<BR>I got nothing to lose<BR>Neol joahandago, ooh-woah, ooh-woah, ooh-woah<BR>Ra-ta-ta-ta, ullin simjang (Ra-ta-ta-ta)<BR>But I don't want to<BR><BR>[Chorus: Haerin, Minji]<BR>Stay in the middle<BR>Like you a little, don't want no riddle<BR>Malhaejwo, say it back, oh, say it ditto<BR>Achimeun neomu meoreo so say it ditto<BR>I don't want to<BR>Walk in this miro<BR>Da aneun geon anieodo baradeon daero<BR>Malhaejwo, say it back, oh, say it ditto<BR>I want you so, want you, so say it ditto<BR><BR>[Verse 2: Danielle]<BR>Not just anybody<BR>Neoreul sangsanghaetji<BR>Hangsang daaitdeon<BR>Cheoeum neukkim geudaero nan<BR>Gidaryeotji all this time[Pre-Chorus: Hyein, Haerin]<BR>I got nothing to lose<BR>Neol joahandago, ooh-woah, ooh-woah, ooh-woah<BR>Ra-ta-ta-ta, ullin simjang (Ra-ta-ta-ta)<BR>But I don't want to<BR><BR>[Chorus: Hanni, Minji]<BR>Stay in the middle<BR>Like you a little, don't want no riddle<BR>Malhaejwo, say it back, oh, say it ditto<BR>Achimeun neomu meoreo so say it ditto<BR>I don't want to<BR>Walk in this miro<BR>Da aneun geon anieodo baradeon daero<BR>Malhaejwo, say it back, oh, say it ditto<BR>I want you so, want you, so say it ditto<BR><BR>[Outro: Hyein]<BR>Hoo-ooh, ooh-ooh<BR>Hoo-ooh, hoo</p><BR><BR><BR><BR><blockquote style=!)text-align: center;!)><p style=!)margin: 5px;!)><strong>Album</strong> - NewJeans - OMG (Romanized) By Genius romanizations</p><p style=!)margin-top: 5px;!)><strong>Release Date</strong> - December 19, 2022</p></blockquote>",English Lyrics,"Newjeans - ditto (romanized) Lyrics,Pop,Romanized,Genius Korea"
"September 22, 2022",Unholy Lyrics - Sam smith & kim petras,"<h2 style=!)text-align: center;!)>Unholy Lyrics - Sam smith & kim petras</h2> <BR><BR><BR><p style=!)text-align: center;!)>[Intro: Sam Smith & Kim Petras]<BR>Mummy don't know Daddy's getting hot<BR>At the Body Shop<BR><BR>Doing something unholy<BR><BR>He like it, like it, yeah (Ooh)<BR>He like it, like it, yeah (Yeah, yeah)<BR>He like it, like it, yeah (Uh)<BR>He like it, like it, yeah<BR><BR>[Verse 1: Sam Smith]<BR>A lucky, lucky girl<BR>She got married to a boy like you<BR>She'd kick you out if she ever, ever knew<BR>'Bout all the **** you tell me that you do<BR>Dirty, dirty boy<BR>You know everyone is talkin' on the scene<BR>I hear them whisperin' 'bout the places that you've been<BR>And how you don't know how to keep your business clean<BR><BR>Ken Carson 'Freestyle 2' Official Lyrics & Meaning | Verified<BR>[Chorus: Sam Smith & Kim Petras]<BR>Mummy don't know Daddy's getting hot<BR>At the Body Shop<BR><BR>Doin' something unholy<BR><BR>He's sat back while she's droppin' it<BR>She be poppin' it<BR>Yeah, she put it down slowly<BR>Oh-ee-oh-ee-oh, he left his kids at<BR>Ho-ee-oh-ee-ome so he can get that<BR>Mummy don't know Daddy's getting hot<BR>At the Body Shop<BR><BR>Doin' something unholy (Woo)<BR><BR><BR>[Verse 2: Kim Petras]<BR>Mm, daddy, daddy, if you want it, drop the addy (Yeah, yeah)<BR><BR>Give me love, give me Fendi, my Balenciaga daddy<BR>You gon' need to bag it up 'cause I'm spendin' on Rodeo (Woo)<BR>You can watch me back it up, I'll be gone in the A.M. (Yeah)<BR>And he, he get me Prada, get me Miu Miu like Rihanna (Ah)<BR><BR>He always call me 'cause I never cause no drama (Drama)<BR>And when you want it, baby, I know I got you covered (Yeah, yeah)<BR>And when you need it, baby, just jump under the covers (Yeah)<BR><BR>[Chorus: Sam Smith, Kim Petras & Both]<BR>Mummy don't know Daddy's getting hot (Hot)<BR>At the Body Shop (Shop)<BR><BR>Doin' something unholy<BR><BR>He's sat back while she's droppin' it (She)<BR>She be poppin' it (She)<BR>Yeah, she put it down slowly<BR>Oh-ee-oh-ee-oh, he left his kids at<BR>Ho-ee-oh-ee-ome so he can get that<BR>Mummy don't know Daddy's getting hot (Unholy)<BR>At the Body Shop (Ah)<BR><BR>Doin' something unholy (Unholy)[Outro: Sam Smith & Kim Petras]<BR>Oh-oh, oh-ee-oh-ee, ee-oh (Unholy)<BR>Oh-oh, oh-ee-oh-ee, ee-oh (Unholy)<BR><BR>Oh-oh, oh-ee-oh-ee, ee-oh (Yeah, yeah)<BR>Oh-oh, oh-ee-oh-ee, ee-oh</p><BR><BR><BR><BR><blockquote style=!)text-align: center;!)><p style=!)margin: 5px;!)><strong>Album</strong> - Unholy By Sam smith & kim petras</p><p style=!)margin-top: 5px;!)><strong>Release Date</strong> - September 22, 2022</p></blockquote>",English Lyrics,"Unholy Lyrics,R&B,Pop,UK Pop,Electronic,TikTok,Dark Pop,Electro-Industrial,LGBTQ+,Alternative Pop,Alternative,Deutschland,UK,Alternative R&B,Dance-Pop"
"October 16, 2015","Soldier, poet, king Lyrics - The oh hellos","<h2 style=!)text-align: center;!)>Soldier, poet, king Lyrics - The oh hellos</h2> <BR><BR><BR><p style=!)text-align: center;!)>[Verse 1]<BR>There will come a soldier<BR>Who carries a mighty sword<BR>He will tear your city down, oh lei oh lai oh Lord<BR>Oh lei, oh lai, oh lei, oh Lord<BR>He will tear your city down, oh lei oh lai oh Lord<BR><BR><BR>[Verse 2]<BR>There will come a poet<BR>Whose weapon is His word<BR>He will slay you with His tongue, oh lei oh lai oh Lord<BR>Oh lei, oh lai, oh lei, oh Lord<BR>He will slay you with His tongue, oh lei oh lai oh Lord<BR><BR><BR>Ken Carson 'Freestyle 2' Official Lyrics & Meaning | Verified<BR>[Verse 3]<BR>There will come a ruler<BR><BR>Whose brow is laid in thorn<BR><BR>Smeared with oil like David's boy<BR>, oh lei oh lai oh Lord<BR>Oh lei, oh lai, oh lei, oh Lord<BR>Smeared with oil like David's boy<BR>, oh lei oh lai oh Lord<BR>Oh lei, oh lai, oh lei, oh Lord<BR>He will tear your city down, oh lei oh lai... oh<BR><BR>[Outro]<BR>Oh lei, oh lai, oh lei, oh lai, oh<BR>Oh lei, oh lai, oh lei, oh lai, oh<BR>Oh lei, oh lai, oh lei, oh lai, oh lei, oh lai, oh lei, oh lai, oh</p><BR><BR><BR><BR><blockquote style=!)text-align: center;!)><p style=!)margin: 5px;!)><strong>Album</strong> - Dear Wormwood By The oh hellos</p><p style=!)margin-top: 5px;!)><strong>Release Date</strong> - October 16, 2015</p></blockquote>",English Lyrics,"Soldier, poet, king Lyrics,Rock,Indie Folk,Folk Rock,Folk,Christian"
"October 12, 2022",米津玄師 (kenshi yonezu) - kick back (romanized) Lyrics,"<h2 style=!)text-align: center;!)>米津玄師 (kenshi yonezu) - kick back (romanized) Lyrics</h2> <BR><BR><BR><p style=!)text-align: center;!)>[Refrain]<BR>Doryoku, mirai, a beautiful star<BR>Doryoku, mirai, a beautiful star<BR>Doryoku, mirai, a beautiful star<BR>Doryoku, mirai, a beautiful star<BR><BR><BR>[Verse 1]<BR>Randorii kyou wa garaaki de lucky day<BR>Kattarii abura yogore mo kore de bye bye<BR>Dare da, dare da, atama no naka yobikakeru koe wa<BR>Are ga hoshii, kore ga hoshii to utatteiru<BR><BR>Ken Carson 'Freestyle 2' Official Lyrics & Meaning | Verified<BR>[Pre-Chorus]<BR>Shiawase ni naritai<BR>Rakushite ikite itai<BR>Kono te ni tsukamitai<BR>Anata no sono mune no naka<BR><BR>[Chorus]<BR>Happy day ume tsukushite<BR>Rest in peace made ikou ze<BR>Itsuka mita jigoku mo ii tokoro<BR>Ai wo baramaite<BR>I love you kenashite kure<BR>Zenbu ubatte waratte kure my honey<BR>Doryoku, mirai, a beautiful star<BR>Doryoku, mirai, a beautiful star<BR>Doryoku, mirai, a beautiful star<BR><BR>Nanka wasurеchatten da<BR><BR>[Refrain]<BR>Doryoku, mirai, a beautiful star<BR>Doryoku, mirai, a beautiful star<BR>Doryoku, mirai, a bеautiful star<BR>Doryoku, mirai, a beautiful star<BR><BR><BR>[Verse 2]<BR>Yon, yon, yon, san de hazureru tansansui<BR>Hangurii kojirasete hakisou na jinsei<BR>Yamanai ame wa nai you ni saki ni sono kasa wo kure yo<BR>Are ga hoshii, kore ga hoshii<BR>Subete hoshii, tada munashii[Bridge]<BR>Shiawase ni naritai<BR>Rakushite ikite itai<BR>Zenbu mechakucha ni shitai<BR>Nanimo kamo keshisaritai<BR>Anata no sono mune no naka<BR><BR>[Chorus]<BR>Lucky de ume tsukushite<BR>Rest in peace made ikou ze<BR>Yoi ko dake mukaeru tengoku ja<BR>Doumo ikirannai<BR>I love you kenashite, unatte<BR>Waratte kure my honey<BR>Doryoku, mirai, a beautiful star<BR>Doryoku, mirai, a beautiful star<BR>Doryoku, mirai, a beautiful star<BR><BR>Nanka wasurechaten da<BR><BR>[Post-Chorus]<BR>Happy, lucky<BR>Konnichiwa, baby<BR>Yoi ko de itai<BR>Sorya tsumaranai<BR>Happy, lucky<BR>Konnichiwa, baby, so sweet<BR>Doryoku, mirai, a beautiful star<BR>Doryoku, mirai, a beautiful star<BR>Doryoku, mirai, a beautiful star<BR><BR>Nanka sugoi yoi kanji[Refrain]<BR>Doryoku, mirai, a beautiful star<BR>Doryoku, mirai, a beautiful star<BR>Doryoku, mirai, a beautiful star<BR>Doryoku, mirai, a beautiful star<BR><BR>(Ha, ha, ha, ha)</p><BR><BR><BR><BR><blockquote style=!)text-align: center;!)><p style=!)margin: 5px;!)><strong>Album</strong> - 米津玄師 (Kenshi Yonezu) - KICK BACK (Romanized) By Genius romanizations</p><p style=!)margin-top: 5px;!)><strong>Release Date</strong> - October 12, 2022</p></blockquote>",English Lyrics,"米津玄師 (kenshi yonezu) - kick back (romanized) Lyrics,Rock,Romanized"
"February 17, 2023",Heaven Lyrics - Niall horan,"<h2 style=!)text-align: center;!)>Heaven Lyrics - Niall horan</h2> <BR><BR><BR><p style=!)text-align: center;!)>[Verse 1]<BR>Strange light revolves around you<BR>You float across the room<BR><BR>Your touch is made of something<BR>Heaven can't hold a candle to<BR><BR>You're made of something new<BR>Let's not get complicated<BR>Let's just enjoy the view<BR>It's hard to be a human<BR>So much to put an answer to<BR>But that's just what we do<BR><BR>Ken Carson 'Freestyle 2' Official Lyrics & Meaning | Verified<BR>[Chorus]<BR>God only knows where this could go<BR>And even if our love starts to grow out of control<BR>And you and me go up in flames<BR>Heaven won't be the same<BR><BR>[Verse 2]<BR>I'm having revelations<BR>You dance across the floor<BR>Beyond infatuation<BR>How I obsessively adore you<BR>That's what I do<BR><BR>[Pre-Chorus]<BR>I believe, I believe<BR>I could die in your kiss<BR>No, it doesn't get, doesn't get<BR>Better than this<BR><BR>[Chorus]<BR>God only knows where this could go<BR>And even if our love starts to grow out of control<BR>And you and me go up in flames<BR>Heaven won't be the same<BR>God only knows where this could go<BR>And even if our love starts to grow out of control<BR>And you and me go up in flames<BR>Heaven won't be the same[Post-Chorus]<BR>(Heaven won't be the same)<BR><BR>[Pre-Chorus]<BR>I believe, I believe<BR>I could die in your kiss<BR>No, it doesn't get, doesn't get<BR>Better than, better than this<BR><BR>[Chorus]<BR>God only knows where this could go<BR>And even if our love starts to grow out of control (Even if our love)<BR>And you and me go up in flames<BR>Heaven won't be the same<BR>God only knows where this could go<BR>And even if our love starts to grow out of control<BR>And you and me go up in flames<BR>Heaven won't be the same</p><BR><BR><BR><BR><blockquote style=!)text-align: center;!)><p style=!)margin: 5px;!)><strong>Album</strong> - The Show By Niall horan</p><p style=!)margin-top: 5px;!)><strong>Release Date</strong> - February 17, 2023</p></blockquote>",English Lyrics,"Heaven Lyrics,Pop,Ireland"
"January 31, 2023",Last night Lyrics - Morgan wallen,"<h2 style=!)text-align: center;!)>Last night Lyrics - Morgan wallen</h2> <BR><BR><BR><p style=!)text-align: center;!)>[Chorus]<BR>Last night we let the liquor talk<BR>I can't remember everything we said but we said it all<BR>You told me that you wish I was somebody you never met<BR>But baby, baby somethin's tellin' me this ain't over yet<BR>No way it was our last night<BR><BR>[Verse 1]<BR>I kiss your lips<BR>Make you grip the sheets with your fingertips<BR>Last bottle of Jack we split a fifth<BR>Just talk about life goin' sip for sip<BR>You, you know you love to fight<BR>And I say shit I don't mean<BR>But I'm still gon' wake up wantin' you and me<BR><BR>Ken Carson 'Freestyle 2' Official Lyrics & Meaning | Verified<BR>[Chorus]<BR>I know that last night we let the liquor talk<BR>I can't remember everything we said but we said it all<BR>You told me that you wish I was somebody you never met<BR>But baby, baby somethin's tellin' me this ain't over yet<BR>No way it was our last night<BR>No way it was our last night<BR><BR>[Verse 2]<BR>No way it was the last night that we break up<BR>I see your tail lights in the dust<BR>You call your momma, I call your bluff<BR>In the middle of the night, pull it right back up<BR>Yeah my, my friends say let her go<BR>Your friends say what the hell<BR>I wouldn't trade your kind of love for nothin' else<BR><BR>[Chorus]<BR>Oh baby, last night we let the liquor talk<BR>I can't remember everything we said but we said it all<BR>You told me that you wish I was somebody you never met<BR>But baby, baby somethin's tellin' me this ain't over yet<BR><BR>[Post-Chorus]<BR>No way it was our last night, we said we'd had enough<BR>I can’t remember everything we said but we said too much<BR>I know you packed your shit and slammed the door right before you left<BR>But baby, baby somethin’s tellin’ me this ain’t over yet<BR>No way it was our last night<BR>No way it was our last night[Outro]<BR>I know you said this time you really weren’t coming back again<BR>But baby, baby somethin’s tellin’ me this ain’t over yet<BR>No way it was our last night<BR>No way it was our last night</p><BR><BR><BR><BR><blockquote style=!)text-align: center;!)><p style=!)margin: 5px;!)><strong>Album</strong> - One Thing At A Time By Morgan wallen</p><p style=!)margin-top: 5px;!)><strong>Release Date</strong> - January 31, 2023</p></blockquote>",English Lyrics,"Last night Lyrics,Country,Ballad"
"December 16, 2022",Йупи йо (yupi yo) Lyrics - Scally milano,"<h2 style=!)text-align: center;!)>Йупи йо (yupi yo) Lyrics - Scally milano</h2> <BR><BR><BR><p style=!)text-align: center;!)>[Текст песни «Йупи Йо» ft. 163ONMYNECK & MAYOT]<BR><BR>[Интро: Childish Gambino]<BR>Baby girl, you know what I want<BR>Let me do it to ya, do it to ya<BR>Let me do ya like<BR>Uh, uh-uh-uh, uh-uh, uh-uh, uh<BR>Uh-uh, uh-uh, uh-uh, uh<BR><BR>[Припев: Scally Milano & 163ONMYNECK]<BR><BR>Вау, вау, вау, йупи-йо, йупи-йей, я хочу прямо в рот дать ей<BR>Вау, вау, вау, йупи-йо, йупи-йей, я иду в клуб, они такие: «Эй!»<BR>Вау, вау, вау, йупи-йо, йупи-йей, я хочу прямо в рот дать ей<BR>Вау, вау, вау, йупи-йо, йупи-йей, я иду в клуб, они такие: «Эй!» (Стоп, эй, эй)<BR><BR>Lola Brooke “Don’t Play With It' Official Lyrics & Meaning | Verified<BR>[Куплет 1: 163ONMYNECK]<BR>Предъявите паспорт, зубы этой суки чаще видят хуй, а не зубную пасту<BR>Могу спиздить бар, сказать типа: «Я тру, не копипастю»<BR>Бро торчит на кухне три часа, но не готовит пасту (Торнадо, эй)<BR>Я гетто-мальчик, перед тем как сунешь в неё хуй, засунешь в письку пальчик<BR>Перед тем, как меряться со мной хуями, посмотри на мой<BR>Спроси ся: реально ты хочешь меня диссить, мальчик? (У)<BR>Miss, we talking for too long, скоко можно выёбываться?<BR>Если тёлка со мной в клуб — она должна разъёбываться<BR>Если хочешь тоже в игру — тебе нужно задротить всё<BR>А ты настолько броук, будто в твоей стране безработица (Oh shit)<BR><BR>Fuck, I gotta smoke some (Газ)<BR>Я мог бы попрошайничать, но я смог сам<BR>Lame диссит меня в коментах? (What?) Но он лох сам<BR>Если ты про бары, рифмы, всю хуйню — we got some<BR><BR>[Куплет 2: Scally Milano]<BR>Включи музыку погромче, двигай телом, я люблю это (У)<BR>Шоты, алкоголь, текила, детка, я куплю это (Похуй)<BR>Шорты от Vetements, ещё Amiri — я ношу это (Дрип)<BR>Детка, я увидел твои губы, я хочу это<BR>Шот, шот (Эй), шот, шот (Эй)<BR>Для каждого шот, и теперь нам хорошо<BR>И она хочет ещё, детка, это за мой счёт<BR>Детка, это за мой счёт, детка, это за мой счёт, эй[Припев: Scally Milano]<BR><BR>Вау, вау, вау, йупи-йо, йупи-йей, я хочу прямо в рот дать ей<BR>Вау, вау, вау, йупи-йо, йупи-йей, я иду в клуб, они такие: «Эй!» (Это он? У)<BR>Вау, вау, вау, йупи-йо, йупи-йей, я хочу прямо в рот дать ей (В рот, йо)<BR>Вау, вау, вау, йупи-йо, йупи-йей, я иду в клуб, они такие: «Эй!»<BR><BR>[Куплет 3: MAYOT]<BR>Я захожу в клуб, они палят сильнее, чем солнце<BR>Я тут не выступаю, ощущение «Это мой концик»<BR>Пришёл забрать ту, что будет сёдня на моём конце<BR>Пришёл забрать ту, в чью мои пальцы зайдут как в кольца (Ха-а)<BR>Я ощущаю себя боссом (Босс)<BR>Всегда был таким, даже когда я был босым (Броук)<BR>Дар красиво говорить был мне с неба послан (Базар)<BR>Хейтер видит, что я поднимаюсь — нахуй послан (Иди нахуй!)<BR>Подставляй бокал — Майот в этом клубе<BR> (Тут)<BR>Сегодня все пьяны любовью, даже кто не любит (Все)<BR>Напитки покрепче, как Звери, но мы люди (Звери)<BR>Что сегодня будет? Кого-то сегодня отлупят (Тс-с)<BR><BR><BR>[Припев: Scally Milano]<BR><BR>Вау, вау, вау, йупи-йо, йупи-йей, я хочу прямо в рот дать ей<BR>Вау, вау, вау, йупи-йо, йупи-йей, я иду в клуб, они такие: «Эй!» (Это он? О да!)<BR>Вау, вау, вау, йупи-йо, йупи-йей, я хочу прямо в рот дать ей (В рот, йо)<BR>Вау, вау, вау, йупи-йо, йупи-йей, я иду в клуб, они такие: «Эй!»</p><BR><BR><BR><BR><blockquote style=!)text-align: center;!)><p style=!)margin: 5px;!)><strong>Album</strong> - Really Rich By Scally milano</p><p style=!)margin-top: 5px;!)><strong>Release Date</strong> - December 16, 2022</p></blockquote>",English Lyrics,"Йупи йо (yupi yo) Lyrics,Rap,Русский трэп (Russian Trap),Trap,Русский рэп (Russian Rap),Россия (Russia)"
"February 14, 2023",Glue song Lyrics - ​beabadoobee,"<h2 style=!)text-align: center;!)>Glue song Lyrics - ​beabadoobee</h2> <BR><BR><BR><p style=!)text-align: center;!)>[Verse 1]<BR>I've never known someone like you<BR>Tangled in love, stuck by you<BR><BR>From the glue<BR>Don't forget to kiss me<BR>Or else you'll have to miss me<BR><BR>I guess I'm stuck forever by the glue<BR>Oh, and you<BR><BR>[Verse 2]<BR>Finding the right words<BR>To use for this song<BR>I have you in mind<BR>So it won't take so long<BR>Never thought I'd find you<BR>But you're here<BR>And so I love you<BR><BR><BR>Ken Carson 'Freestyle 2' Official Lyrics & Meaning | Verified<BR>[Chorus]<BR>I'm not wrong<BR>When I say I've been stuck<BR>By the glue onto you<BR>I've been stuck by glue<BR><BR>Right onto you<BR>I've been stuck by glue<BR><BR><BR>[Outro]<BR>I've never known<BR>I've never known someone like you<BR>I've never known<BR>I've never known someone like you</p><BR><BR><BR><BR><blockquote style=!)text-align: center;!)><p style=!)margin: 5px;!)><strong>Album</strong> - Unknown</p><p style=!)margin-top: 5px;!)><strong>Release Date</strong> - February 14, 2023</p></blockquote>",English Lyrics,"Glue song Lyrics,Pop,Bedroom Pop,Indie Pop"
"October 21, 2022",Hits different Lyrics - Taylor swift,"<h2 style=!)text-align: center;!)>Hits different Lyrics - Taylor swift</h2> <BR><BR><BR><p style=!)text-align: center;!)>[Verse 1]<BR>I washed my hands of us at the club<BR>You made a mess of me<BR><BR>I pictured you with other girls in love<BR>Then threw up on the street<BR><BR>Like waiting for a bus that never shows<BR><BR>You just start walkin' on<BR>They say that if it's right, you know<BR>Each bar plays our song<BR>Nothing has ever felt so wrong<BR><BR><BR>Ken Carson 'Freestyle 2' Official Lyrics & Meaning | Verified<BR>[Chorus]<BR>Oh, my, love is a lie<BR>Shit my friends say to get me by<BR>It hits different<BR>It hits different this time<BR>Catastrophic blues<BR><BR>Movin' on was always easy for me to do<BR>It hits different<BR>It hits different 'cause it's you<BR><BR><BR>[Post-Chorus]<BR>('Cause it's you)<BR><BR>[Verse 2]<BR>I used to switch out these Kens, I'd just ghost<BR><BR>Rip the band-aid off and skip town likе an asshole outlaw<BR><BR>Freedom felt like summеr then on the coast<BR><BR>Now the sun burns my heart and the sand hurts my feelings<BR>And I never don't cry (And I never don't cry) at the bar<BR><BR>Yeah, my sadness is contagious (My sadness is contagious)<BR><BR>I slur your name 'til someone puts me in a car<BR>I stopped receiving invitations<BR><BR><BR>[Chorus]<BR>Oh, my, love is a lie<BR>Shit my friends say to get me by<BR>It hits different<BR>It hits different this time<BR>Catastrophic blues<BR><BR>Movin' on was always easy for me to do<BR>It hits different<BR>It hits different 'cause it's you[Post-Chorus]<BR>('Cause it's you)<BR><BR>[Bridge]<BR>I find the artifacts, cried over a hat<BR>Cursed the space that I needed<BR><BR>I trace the evidence, make it make some sense<BR><BR>Why the wound is still bleedin'<BR><BR>You were the one that I loved<BR>Don't need another metaphor, it's simple enough<BR>A wrinkle in time like the crease by your eyes<BR><BR>This is why they shouldn't kill off the main guy<BR><BR>Dreams of your hair and your stare and sense of belief<BR>In the good in the world, you once believed in me<BR>And I felt you and I held you for a while<BR><BR>Bet I could still melt your world<BR>Argumentative, antithetical dream girl<BR><BR><BR>[Verse 3]<BR>I heard your key turn in the door down the hallway<BR>Is that your key in the door?<BR>Is it okay? Is it you?<BR>Or have they come to take me away?<BR>To take me away<BR><BR><BR>[Chorus]<BR>Oh, my, love is a lie<BR>Shit my friends say to get me by<BR>It hits different (It hits different)<BR>It hits different this time<BR>Catastrophic blues<BR><BR>Movin' on was always easy for me to do<BR>It hits different (It hits different)<BR>It hits different 'cause it's you[Outro]<BR>Oh, my, love is a lie<BR>Shit my friends say to get me by<BR>'Cause it's you<BR>Catastrophic blues<BR><BR>Movin' on was always easy for me to do<BR>It hits different (Yeah)<BR>It hits different 'cause it's you</p><BR><BR><BR><BR><blockquote style=!)text-align: center;!)><p style=!)margin: 5px;!)><strong>Album</strong> - Midnights (Target Exclusive) By Taylor swift</p><p style=!)margin-top: 5px;!)><strong>Release Date</strong> - October 21, 2022</p></blockquote>",English Lyrics,"Hits different Lyrics,Pop,Electronic,Electro-Pop,Pop-Rock,Synth-Pop,Ballad,Singer-Songwriter"
